Metric,Value
Total Sales,741999.9800000001
Total Profit,18451.25
Total Orders,2121.0
Avg Order Value,349.8349740688355
